0.00000,0.00000,236000000.00000,0.00000
0.00500,0.00000,236000000.00000,0.00000
0.01000,0.00000,231024672.13132,-0.00019
0.01500,0.00000,226210431.72435,-0.00038
0.02000,0.00000,221684310.40409,-0.00056
0.02500,0.00000,217413965.05082,-0.00075
0.03000,0.00000,213381243.47022,-0.00092
0.03500,0.00000,209568327.86578,-0.00110
0.04000,0.00000,205943080.84472,-0.00127
0.04500,0.00000,202496811.44996,-0.00143
0.05000,0.00000,199215094.25955,-0.00160
0.05500,0.00000,196084976.57047,-0.00176
0.06000,0.00000,193094902.38804,-0.00192
0.06500,0.00000,190234525.42690,-0.00208
0.07000,0.00000,187494549.99041,-0.00223
0.07500,0.00000,184866596.79698,-0.00238
0.08000,0.00000,182343089.27337,-0.00253
0.08500,0.00000,179917156.71040,-0.00268
0.09000,0.00000,177582551.39157,-0.00283
0.09500,0.00000,175333573.03987,-0.00297
0.10000,0.00000,173165013.03669,-0.00311
0.10500,0.00000,171072120.82456,-0.00325
0.11000,0.00000,169050500.20248,-0.00339
0.11500,0.00000,167096133.48765,-0.00353
0.12000,0.00000,165205303.01010,-0.00366
0.12500,0.00000,163374581.22756,-0.00379
0.13000,0.00000,161600794.96905,-0.00392
0.13500,0.00000,159881003.25745,-0.00405
0.14000,0.00000,158212475.62672,-0.00418
0.14500,0.00000,156592673.04455,-0.00431
0.15000,0.00000,155019230.89890,-0.00444
0.15500,0.00000,153489943.80433,-0.00456
0.16000,0.00000,152002752.00099,-0.00468
0.16500,0.00000,150555499.46512,-0.00481
0.17000,0.00000,149148856.71247,-0.00493
0.17500,0.00000,147774389.96684,-0.00505
0.18000,0.00000,146437494.12592,-0.00516
0.18500,0.00000,145133515.90711,-0.00528
0.19000,0.00000,143861016.68158,-0.00540
0.19500,0.00000,142615595.00593,-0.00551
0.20000,0.00000,141405129.00297,-0.00563
0.20500,0.00000,140222033.66706,-0.00574
0.21000,0.00000,139061476.29844,-0.00585
0.21500,0.00000,137933207.13307,-0.00596
0.22000,0.00000,136828877.43175,-0.00607
0.22500,0.00000,135746440.27018,-0.00618
0.23000,0.00000,134691346.49865,-0.00629
0.23500,0.00000,133657249.12878,-0.00640
0.24000,0.00000,132644668.10209,-0.00650
0.24500,0.00000,131655054.67814,-0.00661
0.25000,0.00000,130683909.54110,-0.00671
0.25500,0.00000,129734226.73859,-0.00682
0.26000,0.00000,128801526.35544,-0.00692
0.26500,0.00000,127889135.36287,-0.00702
0.27000,0.00000,126992374.95541,-0.00712
0.27500,0.00000,126114878.03686,-0.00722
0.28000,0.00000,125251777.74041,-0.00732
0.28500,0.00000,124406989.62879,-0.00742
0.29000,0.00000,123575469.11947,-0.00752
0.29500,0.00000,122761393.27010,-0.00762
0.30000,0.00000,121959549.71963,-0.00771
0.30500,0.00000,121174357.73937,-0.00781
0.31000,0.00000,120400446.68686,-0.00791
0.31500,0.00000,119642460.44820,-0.00800
0.32000,0.00000,118894879.14208,-0.00810
0.32500,0.00000,118162555.17663,-0.00819
0.33000,0.00000,117439828.01749,-0.00828
0.33500,0.00000,116731743.85273,-0.00837
0.34000,0.00000,116032509.62994,-0.00847
0.34500,0.00000,115347351.78896,-0.00856
0.35000,0.00000,114670352.45510,-0.00865
0.35500,0.00000,114006905.88461,-0.00874
0.36000,0.00000,113350976.65273,-0.00883
0.36500,0.00000,112708115.38254,-0.00892
0.37000,0.00000,112072175.96541,-0.00901
0.37500,0.00000,111448854.83278,-0.00909
0.38000,0.00000,110831901.67142,-0.00918
0.38500,0.00000,110227148.96948,-0.00927
0.39000,0.00000,109628248.32113,-0.00935
0.39500,0.00000,109041159.25157,-0.00944
0.40000,0.00000,108459441.02680,-0.00952
0.40500,0.00000,107889171.85466,-0.00961
0.41000,0.00000,107323824.10923,-0.00969
0.41500,0.00000,106769586.93225,-0.00978
0.42000,0.00000,106219850.93287,-0.00986
0.42500,0.00000,105680908.99039,-0.00994
0.43000,0.00000,105146074.78485,-0.01002
0.43500,0.00000,104621738.24141,-0.01011
0.44000,0.00000,104101140.67315,-0.01019
0.44500,0.00000,103590762.82104,-0.01027
0.45000,0.00000,103083777.93615,-0.01035
0.45500,0.00000,102586751.76840,-0.01043
0.46000,0.00000,102092793.57022,-0.01051
0.46500,0.00000,101608548.68195,-0.01059
0.47000,0.00000,101127066.19399,-0.01067
0.47500,0.00000,100655065.97553,-0.01074
0.48000,0.00000,100185540.57865,-0.01082
0.48500,0.00000,99725279.66842,-0.01090
0.49000,0.00000,99267222.68240,-0.01098
0.49500,0.00000,98818224.65146,-0.01105
0.50000,0.00000,98371175.13486,-0.01113
0.50500,0.00000,97932990.37871,-0.01121
0.51000,0.00000,97496513.12397,-0.01128
0.51500,0.00000,97068716.93980,-0.01136
0.52000,0.00000,96642400.64347,-0.01143
0.52500,0.00000,96224591.47401,-0.01151
0.53000,0.00000,95808047.06414,-0.01158
0.53500,0.00000,95399844.89112,-0.01165
0.54000,0.00000,94992703.99621,-0.01173
0.54500,0.00000,94593748.86861,-0.01180
0.55000,0.00000,94195662.41397,-0.01187
0.55500,0.00000,93805613.09793,-0.01195
0.56000,0.00000,93416250.01724,-0.01202
0.56500,0.00000,93034782.75575,-0.01209
0.57000,0.00000,92653828.80657,-0.01216
0.57500,0.00000,92280636.17863,-0.01223
0.58000,0.00000,91907791.05954,-0.01230
0.58500,0.00000,91542576.06679,-0.01237
0.59000,0.00000,91177563.60831,-0.01244
0.59500,0.00000,90820051.75168,-0.01251
0.60000,0.00000,90462597.73538,-0.01258
0.60500,0.00000,90112529.49636,-0.01265
0.61000,0.00000,89762371.95431,-0.01272
0.61500,0.00000,89419494.54715,-0.01279
0.62000,0.00000,89076389.56502,-0.01286
0.62500,0.00000,88740461.37965,-0.01292
0.63000,0.00000,88404177.09929,-0.01299
0.63500,0.00000,88074969.35154,-0.01306
0.64000,0.00000,87745282.98107,-0.01313
0.64500,0.00000,87422577.28883,-0.01319
0.65000,0.00000,87099276.26934,-0.01326
0.65500,0.00000,86782863.96251,-0.01333
0.66000,0.00000,86465745.51136,-0.01339
0.66500,0.00000,86155427.03046,-0.01346
0.67000,0.00000,85844297.43403,-0.01352
0.67500,0.00000,85539881.99064,-0.01359
0.68000,0.00000,85234555.78437,-0.01365
0.68500,0.00000,84935861.05462,-0.01372
0.69000,0.00000,84636160.61112,-0.01378
0.69500,0.00000,84343012.19470,-0.01384
0.70000,0.00000,84048767.40898,-0.01391
0.70500,0.00000,83760998.30667,-0.01397
0.71000,0.00000,83472046.22495,-0.01404
0.71500,0.00000,83189496.41346,-0.01410
0.72000,0.00000,82905680.85596,-0.01416
0.72500,0.00000,82628196.91315,-0.01422
0.73000,0.00000,82349368.11358,-0.01429
0.73500,0.00000,82076802.87259,-0.01435
0.74000,0.00000,81802817.13993,-0.01441
0.74500,0.00000,81535029.36744,-0.01447
0.75000,0.00000,81265748.76721,-0.01453
0.75500,0.00000,81002602.85450,-0.01459
0.76000,0.00000,80737894.91973,-0.01465
0.76500,0.00000,80479260.60288,-0.01471
0.77000,0.00000,80218998.04842,-0.01478
0.77500,0.00000,79964750.13735,-0.01483
0.78000,0.00000,79708810.60530,-0.01490
0.78500,0.00000,79458828.73051,-0.01495
0.79000,0.00000,79207094.54946,-0.01501
0.79500,0.00000,78961262.92197,-0.01507
0.80000,0.00000,78713620.87095,-0.01513
0.80500,0.00000,78471828.06635,-0.01519
0.81000,0.00000,78228169.16580,-0.01525
0.81500,0.00000,77990307.90799,-0.01531
0.82000,0.00000,77750527.21463,-0.01537
0.82500,0.00000,77516494.18064,-0.01542
0.83000,0.00000,77280490.59543,-0.01548
0.83500,0.00000,77050186.23028,-0.01554
0.84000,0.00000,76817862.31845,-0.01560
0.84500,0.00000,76591190.65958,-0.01565
0.85000,0.00000,76362452.48084,-0.01571
0.85500,0.00000,76139320.99254,-0.01577
0.86000,0.00000,75914077.94091,-0.01582
0.86500,0.00000,75694397.35794,-0.01588
0.87000,0.00000,75472562.01041,-0.01594
0.87500,0.00000,75256246.19035,-0.01599
0.88000,0.00000,75037734.16396,-0.01605
0.88500,0.00000,74824699.94762,-0.01610
0.89000,0.00000,74609429.76430,-0.01616
0.89500,0.00000,74399596.84370,-0.01621
0.90000,0.00000,74187489.80243,-0.01627
0.90500,0.00000,73980780.59590,-0.01632
0.91000,0.00000,73771760.65166,-0.01638
0.91500,0.00000,73568100.18560,-0.01643
0.92000,0.00000,73362093.83479,-0.01649
0.92500,0.00000,73161409.63159,-0.01654
0.93000,0.00000,72958345.80341,-0.01659
0.93500,0.00000,72760567.77532,-0.01665
0.94000,0.00000,72560377.72881,-0.01670
0.94500,0.00000,72365438.07719,-0.01675
0.95000,0.00000,72168055.30357,-0.01681
0.95500,0.00000,71975888.42337,-0.01686
0.96000,0.00000,71781248.55335,-0.01691
0.96500,0.00000,71591790.94240,-0.01697
0.97000,0.00000,71399831.65815,-0.01702
0.97500,0.00000,71213021.83106,-0.01707
0.98000,0.00000,71023682.78260,-0.01712
0.98500,0.00000,70839461.18883,-0.01717
0.99000,0.00000,70652683.91457,-0.01723
0.99500,0.00000,70470992.86067,-0.01728
1.00000,0.00500,86989281.79683,-0.01233
1.00500,0.00500,86714195.90982,-0.01239
1.01000,0.00500,86402281.28509,-0.01245
1.01500,0.00500,86101445.92859,-0.01252
1.02000,0.00500,85797704.06611,-0.01258
1.02500,0.00500,85502488.11357,-0.01264
1.03000,0.00500,85204287.29940,-0.01271
1.03500,0.00500,84914515.01045,-0.01277
1.04000,0.00500,84621688.91651,-0.01283
1.04500,0.00500,84337196.80654,-0.01290
1.05000,0.00500,84049585.58588,-0.01296
1.05500,0.00500,83770217.03920,-0.01302
1.06000,0.00500,83487667.51056,-0.01308
1.06500,0.00500,83213272.41010,-0.01314
1.07000,0.00500,82935637.69991,-0.01321
1.07500,0.00500,82666072.08026,-0.01327
1.08000,0.00500,82393211.28823,-0.01333
1.08500,0.00500,82128337.01126,-0.01339
1.09000,0.00500,81860114.89754,-0.01345
1.09500,0.00500,81599799.34892,-0.01351
1.10000,0.00500,81336086.04127,-0.01357
1.10500,0.00500,81080201.84617,-0.01363
1.11000,0.00500,80820872.56562,-0.01369
1.11500,0.00500,80569297.32232,-0.01375
1.12000,0.00500,80314232.12591,-0.01381
1.12500,0.00500,80066848.15597,-0.01387
1.13000,0.00500,79815930.44850,-0.01393
1.13500,0.00500,79572625.70367,-0.01398
1.14000,0.00500,79325745.34701,-0.01404
1.14500,0.00500,79086403.64442,-0.01410
1.15000,0.00500,78843460.37038,-0.01416
1.15500,0.00500,78607983.94675,-0.01422
1.16000,0.00500,78368867.75575,-0.01427
1.16500,0.00500,78137157.15753,-0.01433
1.17000,0.00500,77901767.40028,-0.01439
1.17500,0.00500,77673727.40846,-0.01444
1.18000,0.00500,77441966.46318,-0.01450
1.18500,0.00500,77217496.86412,-0.01456
1.19000,0.00500,76989278.83681,-0.01461
1.19500,0.00500,76768292.10858,-0.01467
1.20000,0.00500,76543525.00236,-0.01473
1.20500,0.00500,76325934.39147,-0.01478
1.21000,0.00500,76104528.33250,-0.01484
1.21500,0.00500,75890253.06489,-0.01489
1.22000,0.00500,75672130.89880,-0.01495
1.22500,0.00500,75461084.64100,-0.01500
1.23000,0.00500,75246167.32599,-0.01506
1.23500,0.00500,75038270.82176,-0.01511
1.24000,0.00500,74826482.05260,-0.01517
1.24500,0.00500,74621658.55966,-0.01522
1.25000,0.00500,74412924.68071,-0.01527
1.25500,0.00500,74211099.89084,-0.01533
1.26000,0.00500,74005345.46479,-0.01538
1.26500,0.00500,73806451.99769,-0.01543
1.27000,0.00500,73603608.03693,-0.01549
1.27500,0.00500,73407576.43637,-0.01554
1.28000,0.00500,73207575.63307,-0.01559
1.28500,0.00500,73014339.48963,-0.01564
1.29000,0.00500,72817116.54729,-0.01570
1.29500,0.00500,72626611.70543,-0.01575
1.30000,0.00500,72432103.42137,-0.01580
1.30500,0.00500,72244267.77166,-0.01585
1.31000,0.00500,72052412.95064,-0.01591
1.31500,0.00500,71867186.34594,-0.01596
1.32000,0.00500,71677925.71781,-0.01601
1.32500,0.00500,71495249.89394,-0.01606
1.33000,0.00500,71308526.03551,-0.01611
1.33500,0.00500,71128344.53572,-0.01616
1.34000,0.00500,70944101.79658,-0.01621
1.34500,0.00500,70766359.89970,-0.01626
1.35000,0.00500,70584544.33167,-0.01631
1.35500,0.00500,70409188.98375,-0.01636
1.36000,0.00500,70229748.27381,-0.01641
1.36500,0.00500,70056728.02299,-0.01646
1.37000,0.00500,69879611.42948,-0.01651
1.37500,0.00500,69708876.36394,-0.01656
1.38000,0.00500,69534034.65582,-0.01661
1.38500,0.00500,69365536.34472,-0.01666
1.39000,0.00500,69192921.74365,-0.01671
1.39500,0.00500,69026613.18074,-0.01676
1.40000,0.00500,68856179.30601,-0.01681
1.40500,0.00500,68692014.85590,-0.01686
1.41000,0.00500,68523716.67182,-0.01691
1.41500,0.00500,68361652.01874,-0.01695
1.42000,0.00500,68195445.78446,-0.01700
1.42500,0.00500,68035437.88333,-0.01705
1.43000,0.00500,67871281.10502,-0.01710
1.43500,0.00500,67713288.13472,-0.01715
1.44000,0.00500,67551139.51989,-0.01720
1.44500,0.00500,67395120.83865,-0.01724
1.45000,0.00500,67234940.25249,-0.01729
1.45500,0.00500,67080856.35524,-0.01734
1.46000,0.00500,66922604.77892,-0.01739
1.46500,0.00500,66770417.25656,-0.01743
1.47000,0.00500,66614056.74742,-0.01748
1.47500,0.00500,66463728.24785,-0.01752
1.48000,0.00500,66309221.90122,-0.01757
1.48500,0.00500,66160716.09203,-0.01762
1.49000,0.00500,66008028.00482,-0.01766
1.49500,0.00500,65861309.53766,-0.01771
1.50000,0.00500,65710404.77346,-0.01776
1.50500,0.00500,65565439.24986,-0.01780
1.51000,0.00500,65416283.80566,-0.01785
1.51500,0.00500,65273037.74419,-0.01789
1.52000,0.00500,65125598.51910,-0.01794
1.52500,0.00500,64984039.32337,-0.01798
1.53000,0.00500,64838284.08622,-0.01803
1.53500,0.00500,64698380.01657,-0.01807
1.54000,0.00500,64554277.37745,-0.01812
1.54500,0.00500,64415997.52127,-0.01816
1.55000,0.00500,64273516.90336,-0.01821
1.55500,0.00500,64136831.14751,-0.01825
1.56000,0.00500,63995942.76012,-0.01830
1.56500,0.00500,63860821.76440,-0.01834
1.57000,0.00500,63721496.57755,-0.01839
1.57500,0.00500,63587911.74882,-0.01843
1.58000,0.00500,63450121.46766,-0.01848
1.58500,0.00500,63318044.93611,-0.01852
1.59000,0.00500,63181761.97720,-0.01856
1.59500,0.00500,63051166.57289,-0.01861
1.60000,0.00500,62916364.04117,-0.01865
1.60500,0.00500,62787223.27154,-0.01869
1.61000,0.00500,62653874.93841,-0.01874
1.61500,0.00500,62526162.96662,-0.01878
1.62000,0.00500,62394243.24874,-0.01882
1.62500,0.00500,62267934.87298,-0.01887
1.63000,0.00500,62137418.81192,-0.01891
1.63500,0.00500,62012489.44539,-0.01895
1.64000,0.00500,61883352.68809,-0.01899
1.64500,0.00500,61759778.33981,-0.01904
1.65000,0.00500,61631997.11981,-0.01908
1.65500,0.00500,61509754.37616,-0.01912
1.66000,0.00500,61383305.49544,-0.01916
1.66500,0.00500,61262371.50238,-0.01920
1.67000,0.00500,61137232.31402,-0.01925
1.67500,0.00500,61017584.76000,-0.01929
1.68000,0.00500,60893733.15135,-0.01933
1.68500,0.00500,60775350.25084,-0.01937
1.69000,0.00500,60652764.62745,-0.01941
1.69500,0.00500,60535625.10508,-0.01945
1.70000,0.00500,60414284.37509,-0.01950
1.70500,0.00500,60298367.45040,-0.01954
1.71000,0.00500,60178251.00964,-0.01958
1.71500,0.00500,60063536.38233,-0.01962
1.72000,0.00500,59944624.09982,-0.01966
1.72500,0.00500,59831091.93562,-0.01970
1.73000,0.00500,59713364.13970,-0.01974
1.73500,0.00500,59600995.05665,-0.01978
1.74000,0.00500,59484432.52157,-0.01982
1.74500,0.00500,59373207.57688,-0.01986
1.75000,0.00500,59257791.50987,-0.01990
1.75500,0.00500,59147692.18717,-0.01994
1.76000,0.00500,59033404.21595,-0.01998
1.76500,0.00500,58924412.41306,-0.02002
1.77000,0.00500,58811234.57381,-0.02006
1.77500,0.00500,58703332.59090,-0.02010
1.78000,0.00500,58591247.31666,-0.02014
1.78500,0.00500,58484417.84482,-0.02018
1.79000,0.00500,58373407.95425,-0.02022
1.79500,0.00500,58267634.06445,-0.02026
1.80000,0.00500,58157682.75105,-0.02030
1.80500,0.00500,58052947.88353,-0.02034
1.81000,0.00500,57944038.70511,-0.02038
1.81500,0.00500,57840326.65909,-0.02041
1.82000,0.00500,57732443.52775,-0.02045
1.82500,0.00500,57629738.45144,-0.02049
1.83000,0.00500,57522865.62377,-0.02053
1.83500,0.00500,57421152.00486,-0.02057
1.84000,0.00500,57315274.07250,-0.02061
1.84500,0.00500,57214536.72882,-0.02064
1.85000,0.00500,57109638.60936,-0.02068
1.85500,0.00500,57009862.67993,-0.02072
1.86000,0.00500,56905929.60812,-0.02076
1.86500,0.00500,56807100.54447,-0.02080
1.87000,0.00500,56704118.06364,-0.02083
1.87500,0.00500,56606221.62144,-0.02087
1.88000,0.00500,56504175.57533,-0.02091
1.88500,0.00500,56407197.80626,-0.02095
1.89000,0.00500,56306074.33095,-0.02098
1.89500,0.00500,56210001.57488,-0.02102
1.90000,0.00500,56109787.09117,-0.02106
1.90500,0.00500,56014605.96852,-0.02110
1.91000,0.00500,55915287.17438,-0.02113
1.91500,0.00500,55820984.57881,-0.02117
1.92000,0.00500,55722548.44222,-0.02121
1.92500,0.00500,55629111.53347,-0.02124
1.93000,0.00500,55531545.28536,-0.02128
1.93500,0.00500,55438961.48243,-0.02132
1.94000,0.00500,55342252.60993,-0.02135
1.94500,0.00500,55250509.58431,-0.02139
1.95000,0.00500,55154645.82419,-0.02143
1.95500,0.00500,55063731.49348,-0.02146
1.96000,0.00500,54968700.82575,-0.02150
1.96500,0.00500,54878603.34735,-0.02153
1.97000,0.00500,54784393.98914,-0.02157
1.97500,0.00500,54695101.75420,-0.02161
1.98000,0.00500,54601702.15376,-0.02164
1.98500,0.00500,54513203.78129,-0.02168
1.99000,0.00500,54420602.61221,-0.02171
1.99500,0.00500,54332886.94336,-0.02175
2.00000,0.00500,54241073.09896,-0.02179
2.00500,0.00500,54154129.19153,-0.02182
2.01000,0.00500,54063091.77940,-0.02186
2.01500,0.00500,53976908.90244,-0.02189
2.02000,0.00500,53886637.23917,-0.02193
2.02500,0.00500,53801204.86783,-0.02196
2.03000,0.00500,53711688.47387,-0.02200
2.03500,0.00500,53626996.28430,-0.02203
2.04000,0.00500,53538224.87904,-0.02207
2.04500,0.00500,53454262.74352,-0.02210
2.05000,0.00500,53366226.24042,-0.02214
2.05500,0.00500,53282984.22262,-0.02217
2.06000,0.00500,53195672.72456,-0.02220
2.06500,0.00500,53113141.07493,-0.02224
2.07000,0.00500,53026544.86964,-0.02227
2.07500,0.00500,52944714.02091,-0.02231
2.08000,0.00500,52858823.57659,-0.02234
2.08500,0.00500,52777684.13946,-0.02237
2.09000,0.00500,52692490.10049,-0.02241
2.09500,0.00500,52612032.85940,-0.02244
2.10000,0.00500,52527526.04216,-0.02248
2.10500,0.00500,52447741.95118,-0.02251
2.11000,0.00500,52363913.34006,-0.02255
2.11500,0.00500,52284793.51893,-0.02258
2.12000,0.00500,52201634.26236,-0.02261
2.12500,0.00500,52123169.99262,-0.02264
2.13000,0.00500,52040671.39927,-0.02268
2.13500,0.00500,51962854.12049,-0.02271
2.14000,0.00500,51881007.65560,-0.02275
2.14500,0.00500,51803828.96176,-0.02278
2.15000,0.00500,51722626.24349,-0.02281
2.15500,0.00500,51646077.87941,-0.02284
2.16000,0.00500,51565510.67537,-0.02288
2.16500,0.00500,51489584.53325,-0.02291
2.17000,0.00500,51409644.75710,-0.02294
2.17500,0.00500,51334332.87320,-0.02298
2.18000,0.00500,51255012.58134,-0.02301
2.18500,0.00500,51180307.13271,-0.02304
2.19000,0.00500,51101598.52105,-0.02307
2.19500,0.00500,51027491.82234,-0.02311
2.20000,0.00500,50949387.22318,-0.02314
2.20500,0.00500,50875871.72360,-0.02317
2.21000,0.00500,50798363.60260,-0.02320
2.21500,0.00500,50725431.88285,-0.02323
2.22000,0.00500,50648512.83605,-0.02327
2.22500,0.00500,50576157.60550,-0.02330
2.23000,0.00500,50499820.35645,-0.02333
2.23500,0.00500,50428034.45019,-0.02336
2.24000,0.00500,50352271.84717,-0.02340
2.24500,0.00500,50281048.22334,-0.02343
2.25000,0.00500,50205853.23656,-0.02346
2.25500,0.00500,50135184.97361,-0.02349
2.26000,0.00500,50060550.69265,-0.02352
2.26500,0.00500,49990430.98674,-0.02355
2.27000,0.00500,49916350.61789,-0.02359
2.27500,0.00500,49846772.78034,-0.02362
2.28000,0.00500,49773239.64412,-0.02365
2.28500,0.00500,49704197.09892,-0.02368
2.29000,0.00500,49631204.62761,-0.02371
2.29500,0.00500,49562690.90902,-0.02374
2.30000,0.00500,49490232.64429,-0.02377
2.30500,0.00500,49422241.39446,-0.02380
2.31000,0.00500,49350310.98505,-0.02383
2.31500,0.00500,49282835.95174,-0.02386
2.32000,0.00500,49211427.15116,-0.02390
2.32500,0.00500,49144462.18554,-0.02392
2.33000,0.00500,49073568.84990,-0.02396
2.33500,0.00500,49007107.90431,-0.02399
2.34000,0.00500,48936723.99014,-0.02402
2.34500,0.00500,48870761.11603,-0.02405
2.35000,0.00500,48800880.67822,-0.02408
2.35500,0.00500,48735410.02404,-0.02411
2.36000,0.00500,48666027.21376,-0.02414
2.36500,0.00500,48601043.02297,-0.02417
2.37000,0.00500,48532152.08570,-0.02420
2.37500,0.00500,48467648.69479,-0.02423
2.38000,0.00500,48399243.96839,-0.02426
2.38500,0.00500,48335215.80500,-0.02429
2.39000,0.00500,48267291.71778,-0.02432
2.39500,0.00500,48203733.29878,-0.02435
2.40000,0.00500,48136284.36771,-0.02438
2.40500,0.00500,48073190.29743,-0.02441
2.41000,0.00500,48006211.12627,-0.02444
2.41500,0.00500,47943576.09470,-0.02447
2.42000,0.00500,47877061.37232,-0.02450
2.42500,0.00500,47814880.15338,-0.02453
2.43000,0.00500,47748824.65199,-0.02456
2.43500,0.00500,47687092.10186,-0.02458
2.44000,0.00500,47621490.67537,-0.02461
2.44500,0.00500,47560201.73082,-0.02464
2.45000,0.00500,47495049.31320,-0.02467
2.45500,0.00500,47434198.98999,-0.02470
2.46000,0.00500,47369490.59369,-0.02473
2.46500,0.00500,47309073.98500,-0.02476
2.47000,0.00500,47244804.69939,-0.02479
2.47500,0.00500,47184816.97430,-0.02482
2.48000,0.00500,47120981.96416,-0.02485
2.48500,0.00500,47061418.36616,-0.02487
2.49000,0.00500,46998012.87018,-0.02490
2.49500,0.00500,46938868.71568,-0.02493
2.50000,0.00500,46875888.04506,-0.02496
2.50500,0.00500,46817158.72202,-0.02499
2.51000,0.00500,46754598.25903,-0.02502
2.51500,0.00500,46696279.22550,-0.02504
2.52000,0.00500,46634134.42212,-0.02507
2.52500,0.00500,46576221.20495,-0.02510
2.53000,0.00500,46514487.58150,-0.02513
2.53500,0.00500,46456975.77498,-0.02516
2.54000,0.00500,46395648.91886,-0.02519
2.54500,0.00500,46338534.18343,-0.02521
2.55000,0.00500,46277609.74778,-0.02524
2.55500,0.00500,46220887.80878,-0.02527
2.56000,0.00500,46160361.51126,-0.02530
2.56500,0.00500,46104028.15769,-0.02533
2.57000,0.00500,46043895.77926,-0.02535
2.57500,0.00500,45987946.86255,-0.02538
2.58000,0.00500,45928204.24628,-0.02541
2.58500,0.00500,45872635.67915,-0.02544
2.59000,0.00500,45813278.72903,-0.02546
2.59500,0.00500,45758086.48430,-0.02549
2.60000,0.00500,45699111.16412,-0.02552
2.60500,0.00500,45644291.27362,-0.02555
2.61000,0.00500,45585693.60584,-0.02557
2.61500,0.00500,45531242.15930,-0.02560
2.62000,0.00500,45473018.22398,-0.02563
2.62500,0.00500,45418931.36795,-0.02565
2.63000,0.00500,45361077.30166,-0.02568
2.63500,0.00500,45307351.23846,-0.02571
2.64000,0.00500,45249863.23328,-0.02574
2.64500,0.00500,45196494.21996,-0.02576
2.65000,0.00500,45139368.52242,-0.02579
2.65500,0.00500,45086352.86978,-0.02582
2.66000,0.00500,45029585.77989,-0.02584
2.66500,0.00500,44976919.85151,-0.02587
2.67000,0.00500,44920507.72178,-0.02590
2.67500,0.00500,44868187.93300,-0.02592
2.68000,0.00500,44812127.16755,-0.02595
2.68500,0.00500,44760149.98455,-0.02598
2.69000,0.00500,44704437.03805,-0.02600
2.69500,0.00500,44652798.97698,-0.02603
2.70000,0.00500,44597430.35382,-0.02606
2.70500,0.00500,44546127.97991,-0.02608
2.71000,0.00500,44491100.23329,-0.02611
2.71500,0.00500,44440130.15991,-0.02613
2.72000,0.00500,44385439.89100,-0.02616
2.72500,0.00500,44334798.77884,-0.02619
2.73000,0.00500,44280442.63587,-0.02621
2.73500,0.00500,44230127.19209,-0.02624
2.74000,0.00500,44176101.86959,-0.02627
2.74500,0.00500,44126108.84700,-0.02629
2.75000,0.00500,44072411.08492,-0.02632
2.75500,0.00500,44022737.28117,-0.02634
2.76000,0.00500,43969363.86413,-0.02637
2.76500,0.00500,43920006.12091,-0.02639
2.77000,0.00500,43866953.87739,-0.02642
2.77500,0.00500,43817909.07968,-0.02644
2.78000,0.00500,43765174.88129,-0.02647
2.78500,0.00500,43716439.95660,-0.02650
2.79000,0.00500,43664020.71726,-0.02652
2.79500,0.00500,43615592.63490,-0.02655
2.80000,0.00500,43563485.31020,-0.02657
2.80500,0.00500,43515361.08053,-0.02660
2.81000,0.00500,43463562.66694,-0.02662
2.81500,0.00500,43415739.34069,-0.02665
2.82000,0.00500,43364246.87490,-0.02667
2.82500,0.00500,43316721.54246,-0.02670
2.83000,0.00500,43265532.10067,-0.02672
2.83500,0.00500,43218301.89143,-0.02675
2.84000,0.00500,43167412.58870,-0.02677
2.84500,0.00500,43120474.67036,-0.02680
2.85000,0.00500,43069882.65991,-0.02682
2.85500,0.00500,43023234.23785,-0.02685
2.86000,0.00500,42972936.71048,-0.02687
2.86500,0.00500,42926575.02711,-0.02690
2.87000,0.00500,42876569.21049,-0.02692
2.87500,0.00500,42830491.54464,-0.02695
2.88000,0.00500,42780774.70274,-0.02697
2.88500,0.00500,42734978.36904,-0.02700
2.89000,0.00500,42685547.80153,-0.02702
2.89500,0.00500,42640030.14981,-0.02704
2.90000,0.00500,42590883.19143,-0.02707
2.90500,0.00500,42545641.60612,-0.02709
2.91000,0.00500,42496775.62612,-0.02712
2.91500,0.00500,42451807.52572,-0.02714
2.92000,0.00500,42403219.92728,-0.02717
2.92500,0.00500,42358522.76374,-0.02719
2.93000,0.00500,42310210.98342,-0.02722
2.93500,0.00500,42265782.24162,-0.02724
2.94000,0.00500,42217743.74882,-0.02726
2.94500,0.00500,42173580.94603,-0.02729
2.95000,0.00500,42125813.24242,-0.02731
2.95500,0.00500,42081913.92776,-0.02733
2.96000,0.00500,42034414.54678,-0.02736
2.96500,0.00500,41990776.30070,-0.02738
2.97000,0.00500,41943542.80704,-0.02741
2.97500,0.00500,41900163.24082,-0.02743
2.98000,0.00500,41853193.22992,-0.02745
2.98500,0.00500,41810069.98516,-0.02748
2.99000,0.00500,41763361.08268,-0.02750
2.99500,0.00500,41720491.83082,-0.02752
3.00000,0.00500,41674041.69221,-0.02755
3.00500,0.00500,41631424.13403,-0.02757
3.01000,0.00500,41585230.44401,-0.02760
3.01500,0.00500,41542862.30920,-0.02762
3.02000,0.00500,41496922.78130,-0.02764
3.02500,0.00500,41454801.82795,-0.02766
3.03000,0.00500,41409114.20408,-0.02769
3.03500,0.00500,41367238.21826,-0.02771
3.04000,0.00500,41321800.26820,-0.02774
3.04500,0.00500,41280167.06350,-0.02776
3.05000,0.00500,41234976.58454,-0.02778
3.05500,0.00500,41193584.00166,-0.02780
3.06000,0.00500,41148638.81809,-0.02783
3.06500,0.00500,41107484.72436,-0.02785
3.07000,0.00500,41062782.68710,-0.02787
3.07500,0.00500,41021864.97614,-0.02790
3.08000,0.00500,40977403.96230,-0.02792
3.08500,0.00500,40936720.55352,-0.02794
3.09000,0.00500,40892498.46599,-0.02797
3.09500,0.00500,40852047.30426,-0.02799
3.10000,0.00500,40808062.07133,-0.02801
3.10500,0.00500,40767841.12655,-0.02803
3.11000,0.00500,40724090.70150,-0.02806
3.11500,0.00500,40684097.96821,-0.02808
3.12000,0.00500,40640580.32891,-0.02810
3.12500,0.00500,40600813.82593,-0.02812
3.13000,0.00500,40557526.97449,-0.02815
3.13500,0.00500,40517984.74453,-0.02817
3.14000,0.00500,40474926.70693,-0.02819
3.14500,0.00500,40435606.81622,-0.02821
3.15000,0.00500,40392775.64193,-0.02824
3.15500,0.00500,40353676.17987,-0.02826
3.16000,0.00500,40311069.94148,-0.02828
3.16500,0.00500,40272189.02029,-0.02830
3.17000,0.00500,40229805.81319,-0.02832
3.17500,0.00500,40191141.56755,-0.02834
3.18000,0.00500,40148979.50957,-0.02837
3.18500,0.00500,40110530.09631,-0.02839
3.19000,0.00500,40068587.32737,-0.02841
3.19500,0.00500,40030350.92508,-0.02843
3.20000,0.00500,39988625.60689,-0.02846
3.20500,0.00500,39950600.41566,-0.02848
3.21000,0.00500,39909090.73135,-0.02850
3.21500,0.00500,39871274.97238,-0.02852
3.22000,0.00500,39829979.12624,-0.02854
3.22500,0.00500,39792371.04159,-0.02856
3.23000,0.00500,39751287.25868,-0.02859
3.23500,0.00500,39713885.11091,-0.02861
3.24000,0.00500,39673011.63683,-0.02863
3.24500,0.00500,39635813.70870,-0.02865
3.25000,0.00500,39595148.80923,-0.02867
3.25500,0.00500,39558153.40344,-0.02869
3.26000,0.00500,39517695.36426,-0.02872
3.26500,0.00500,39480900.80312,-0.02874
3.27000,0.00500,39440647.92952,-0.02876
3.27500,0.00500,39404052.55467,-0.02878
3.28000,0.00500,39364003.17127,-0.02880
3.28500,0.00500,39327605.34340,-0.02882
3.29000,0.00500,39287757.79386,-0.02884
3.29500,0.00500,39251555.89241,-0.02886
3.30000,0.00500,39211908.53915,-0.02889
3.30500,0.00500,39175900.96209,-0.02891
3.31000,0.00500,39136452.18601,-0.02893
3.31500,0.00500,39100637.34952,-0.02895
3.32000,0.00500,39061385.54977,-0.02897
3.32500,0.00500,39025761.88798,-0.02899
3.33000,0.00500,38986705.48165,-0.02901
3.33500,0.00500,38951271.44641,-0.02903
3.34000,0.00500,38912408.86831,-0.02905
3.34500,0.00500,38877162.92891,-0.02907
3.35000,0.00500,38838492.63129,-0.02910
3.35500,0.00500,38803433.27423,-0.02911
3.36000,0.00500,38764953.72655,-0.02914
3.36500,0.00500,38730079.45527,-0.02916
3.37000,0.00500,38691789.14393,-0.02918
3.37500,0.00500,38657098.47859,-0.02920
3.38000,0.00500,38618995.90672,-0.02922
3.38500,0.00500,38584487.38394,-0.02924
3.39000,0.00500,38546571.07116,-0.02926
3.39500,0.00500,38512243.24381,-0.02928
3.40000,0.00500,38474511.72596,-0.02930
3.40500,0.00500,38440363.16293,-0.02932
3.41000,0.00500,38402814.99189,-0.02934
3.41500,0.00500,38368844.27791,-0.02936
3.42000,0.00500,38331478.02127,-0.02938
3.42500,0.00500,38297683.75662,-0.02940
3.43000,0.00500,38260497.99757,-0.02942
3.43500,0.00500,38226878.79781,-0.02944
3.44000,0.00500,38189872.13495,-0.02946
3.44500,0.00500,38156426.63080,-0.02948
3.45000,0.00500,38119597.67788,-0.02950
3.45500,0.00500,38086324.51493,-0.02952
3.46000,0.00500,38049671.90063,-0.02954
3.46500,0.00500,38016569.73923,-0.02956
3.47000,0.00500,37980092.10696,-0.02958
3.47500,0.00500,37947159.62194,-0.02960
3.48000,0.00500,37910855.62964,-0.02962
3.48500,0.00500,37878091.51014,-0.02964
3.49000,0.00500,37841959.83008,-0.02966
3.49500,0.00500,37809362.77936,-0.02968
3.50000,0.00500,37773402.09793,-0.02970
3.50500,0.00500,37740970.83316,-0.02972
3.51000,0.00500,37705179.85069,-0.02974
3.51500,0.00500,37672913.10279,-0.02976
3.52000,0.00500,37637290.53337,-0.02978
3.52500,0.00500,37605187.04676,-0.02980
3.53000,0.00500,37569731.61803,-0.02982
3.53500,0.00500,37537790.15053,-0.02984
3.54000,0.00500,37502500.60352,-0.02986
3.54500,0.00500,37470719.92609,-0.02988
3.55000,0.00500,37435595.01502,-0.02990
3.55500,0.00500,37403973.91163,-0.02992
3.56000,0.00500,37369012.40375,-0.02994
3.56500,0.00500,37337549.67119,-0.02995
3.57000,0.00500,37302750.34659,-0.02997
3.57500,0.00500,37271444.79431,-0.02999
3.58000,0.00500,37236806.44576,-0.03001
3.58500,0.00500,37205656.89567,-0.03003
3.59000,0.00500,37171178.32845,-0.03005
3.59500,0.00500,37140183.61478,-0.03007
3.60000,0.00500,37105863.64651,-0.03009
3.60500,0.00500,37075022.61564,-0.03011
3.61000,0.00500,37040860.07612,-0.03013
3.61500,0.00500,37010171.58641,-0.03015
3.62000,0.00500,36976165.31745,-0.03017
3.62500,0.00500,36945628.23910,-0.03018
3.63000,0.00500,36911777.09437,-0.03020
3.63500,0.00500,36881390.30925,-0.03022
3.64000,0.00500,36847693.15412,-0.03024
3.64500,0.00500,36817455.55560,-0.03026
3.65000,0.00500,36783911.26701,-0.03028
3.65500,0.00500,36753821.75985,-0.03030
3.66000,0.00500,36720429.22611,-0.03032
3.66500,0.00500,36690486.72627,-0.03033
3.67000,0.00500,36657244.84697,-0.03035
3.67500,0.00500,36627448.28147,-0.03037
3.68000,0.00500,36594355.96729,-0.03039
3.68500,0.00500,36564704.27411,-0.03041
3.69000,0.00500,36531760.44669,-0.03043
3.69500,0.00500,36502252.57456,-0.03044
3.70000,0.00500,36469456.16637,-0.03046
3.70500,0.00500,36440091.07469,-0.03048
3.71000,0.00500,36407441.02886,-0.03050
3.71500,0.00500,36378217.68752,-0.03052
3.72000,0.00500,36345712.95775,-0.03054
3.72500,0.00500,36316630.34701,-0.03055
3.73000,0.00500,36284269.89740,-0.03057
3.73500,0.00500,36255327.00777,-0.03059
3.74000,0.00500,36223109.81269,-0.03061
3.74500,0.00500,36194305.64477,-0.03063
3.75000,0.00500,36162230.68874,-0.03065
3.75500,0.00500,36133564.25311,-0.03066
3.76000,0.00500,36101630.53067,-0.03068
3.76500,0.00500,36073100.84778,-0.03070
3.77000,0.00500,36041307.36335,-0.03072
3.77500,0.00500,36012913.46335,-0.03074
3.78000,0.00500,35981259.23112,-0.03076
3.78500,0.00500,35953000.15377,-0.03077
3.79000,0.00500,35921484.19759,-0.03079
3.79500,0.00500,35893358.99212,-0.03081
3.80000,0.00500,35861980.34533,-0.03083
3.80500,0.00500,35833988.07034,-0.03084
3.81000,0.00500,35802745.77572,-0.03086
3.81500,0.00500,35774885.49905,-0.03088
3.82000,0.00500,35743778.60862,-0.03090
3.82500,0.00500,35716049.40723,-0.03091
3.83000,0.00500,35685076.98223,-0.03093
3.83500,0.00500,35657477.94209,-0.03095
3.84000,0.00500,35626639.05277,-0.03097
3.84500,0.00500,35599169.26877,-0.03098
3.85000,0.00500,35568462.99435,-0.03100
3.85500,0.00500,35541121.57014,-0.03102
3.86000,0.00500,35510546.99867,-0.03104
3.86500,0.00500,35483333.04658,-0.03105
3.87000,0.00500,35452889.27484,-0.03107
3.87500,0.00500,35425801.91579,-0.03109
3.88000,0.00500,35395488.04916,-0.03111
3.88500,0.00500,35368526.41252,-0.03112
3.89000,0.00500,35338341.56490,-0.03114
3.89500,0.00500,35311504.78841,-0.03116
3.90000,0.00500,35281448.08213,-0.03118
3.90500,0.00500,35254735.31178,-0.03119
3.91000,0.00500,35224805.87743,-0.03121
3.91500,0.00500,35198216.26737,-0.03123
3.92000,0.00500,35168413.24380,-0.03125
3.92500,0.00500,35141945.95623,-0.03126
3.93000,0.00500,35112268.49036,-0.03128
3.93500,0.00500,35085922.69544,-0.03130
3.94000,0.00500,35056369.94220,-0.03131
3.94500,0.00500,35030144.81797,-0.03133
3.95000,0.00500,35000715.94021,-0.03135
3.95500,0.00500,34974610.67246,-0.03136
3.96000,0.00500,34945304.84085,-0.03138
3.96500,0.00500,34919318.62303,-0.03140
3.97000,0.00500,34890135.01595,-0.03142
3.97500,0.00500,34864267.04911,-0.03143
3.98000,0.00500,34835204.85258,-0.03145
3.98500,0.00500,34809454.34525,-0.03147
3.99000,0.00500,34780512.75282,-0.03148
3.99500,0.00500,34754878.92093,-0.03150
4.00000,0.00500,34726057.13362,-0.03152
4.00500,0.00500,34700539.20040,-0.03153
4.01000,0.00500,34671836.42658,-0.03155
4.01500,0.00500,34646433.62249,-0.03157
4.02000,0.00500,34617849.07779,-0.03158
4.02500,0.00500,34592560.64043,-0.03160
4.03000,0.00500,34564093.54769,-0.03162
4.03500,0.00500,34538918.72171,-0.03163
4.04000,0.00500,34510568.31086,-0.03165
4.04500,0.00500,34485506.34786,-0.03166
4.05000,0.00500,34457271.85586,-0.03168
4.05500,0.00500,34432322.01434,-0.03170
4.06000,0.00500,34404202.68509,-0.03172
4.06500,0.00500,34379364.23036,-0.03173
4.07000,0.00500,34351359.31460,-0.03175
4.07500,0.00500,34326631.51867,-0.03176
4.08000,0.00500,34298740.27394,-0.03178
4.08500,0.00500,34274122.41549,-0.03180
4.09000,0.00500,34246344.10602,-0.03181
4.09500,0.00500,34221835.47027,-0.03183
4.10000,0.00500,34194169.36691,-0.03185
4.10500,0.00500,34169769.24559,-0.03186
4.11000,0.00500,34142214.62573,-0.03188
4.11500,0.00500,34117922.31699,-0.03189
4.12000,0.00500,34090478.46449,-0.03191
4.12500,0.00500,34066293.27279,-0.03192
4.13000,0.00500,34038959.47792,-0.03194
4.13500,0.00500,34014880.71401,-0.03196
4.14000,0.00500,33987656.27335,-0.03197
4.14500,0.00500,33963683.25417,-0.03199
4.15000,0.00500,33936567.47055,-0.03201
4.15500,0.00500,33912699.51914,-0.03202
4.16000,0.00500,33885691.70157,-0.03204
4.16500,0.00500,33861928.14705,-0.03205
4.17000,0.00500,33835027.61064,-0.03207
4.17500,0.00500,33811367.78810,-0.03208
4.18000,0.00500,33784573.85401,-0.03210
4.18500,0.00500,33761017.10445,-0.03212
4.19000,0.00500,33734329.09980,-0.03213
4.19500,0.00500,33710874.77007,-0.03215
4.20000,0.00500,33684292.02789,-0.03216
4.20500,0.00500,33660939.47061,-0.03218
4.21000,0.00500,33634461.32976,-0.03220
4.21500,0.00500,33611209.90329,-0.03221
4.22000,0.00500,33584835.70840,-0.03223
4.22500,0.00500,33561684.77671,-0.03224
4.23000,0.00500,33535413.87812,-0.03226
4.23500,0.00500,33512362.81079,-0.03227
4.24000,0.00500,33486194.56449,-0.03229
4.24500,0.00500,33463242.73660,-0.03230
4.25000,0.00500,33437176.50414,-0.03232
4.25500,0.00500,33414323.29625,-0.03233
4.26000,0.00500,33388358.44471,-0.03235
4.26500,0.00500,33365603.24278,-0.03236
4.27000,0.00500,33339739.14467,-0.03238
4.27500,0.00500,33317081.33998,-0.03239
4.28000,0.00500,33291317.37325,-0.03241
4.28500,0.00500,33268756.36236,-0.03243
4.29000,0.00500,33243091.91025,-0.03244
4.29500,0.00500,33220627.09496,-0.03246
4.30000,0.00500,33195061.54602,-0.03247
4.30500,0.00500,33172692.33325,-0.03249
4.31000,0.00500,33147225.08122,-0.03250
4.31500,0.00500,33124950.88303,-0.03252
4.32000,0.00500,33099581.32684,-0.03253
4.32500,0.00500,33077401.56032,-0.03255
4.33000,0.00500,33052129.10398,-0.03256
4.33500,0.00500,33030043.19122,-0.03258
4.34000,0.00500,33004867.24380,-0.03259
4.34500,0.00500,32982874.61181,-0.03261
4.35000,0.00500,32957794.58737,-0.03262
4.35500,0.00500,32935894.66806,-0.03264
4.36000,0.00500,32910909.98559,-0.03265
4.36500,0.00500,32889102.21569,-0.03267
4.37000,0.00500,32864212.29909,-0.03268
4.37500,0.00500,32842496.12010,-0.03270
4.38000,0.00500,32817700.39808,-0.03271
4.38500,0.00500,32796075.25623,-0.03273
4.39000,0.00500,32771373.16228,-0.03274
4.39500,0.00500,32749838.50847,-0.03276
4.40000,0.00500,32725229.48084,-0.03277
4.40500,0.00500,32703784.77059,-0.03278
4.41000,0.00500,32679268.25216,-0.03280
4.41500,0.00500,32657912.94556,-0.03281
4.42000,0.00500,32633488.38388,-0.03283
4.42500,0.00500,32612221.94555,-0.03284
4.43000,0.00500,32587888.79271,-0.03286
4.43500,0.00500,32566710.69174,-0.03287
4.44000,0.00500,32542468.40439,-0.03289
4.44500,0.00500,32521378.11428,-0.03290
4.45000,0.00500,32497226.15355,-0.03292
4.45500,0.00500,32476223.15218,-0.03293
4.46000,0.00500,32452160.98362,-0.03295
4.46500,0.00500,32431244.75322,-0.03296
4.47000,0.00500,32407271.84677,-0.03298
4.47500,0.00500,32386441.87384,-0.03299
4.48000,0.00500,32362557.70377,-0.03300
4.48500,0.00500,32341813.47905,-0.03302
4.49000,0.00500,32318017.52394,-0.03303
4.49500,0.00500,32297358.54237,-0.03305
4.50000,0.00500,32273650.28504,-0.03306
4.50500,0.00500,32253076.04569,-0.03307
4.51000,0.00500,32229454.97317,-0.03309
4.51500,0.00500,32208964.97924,-0.03310
4.52000,0.00500,32185430.58271,-0.03312
4.52500,0.00500,32165024.34145,-0.03313
4.53000,0.00500,32141576.11621,-0.03315
4.53500,0.00500,32121253.13888,-0.03316
4.54000,0.00500,32097890.58432,-0.03317
4.54500,0.00500,32077650.38617,-0.03319
4.55000,0.00500,32054373.00568,-0.03320
4.55500,0.00500,32034215.10590,-0.03321
4.56000,0.00500,32011022.40687,-0.03323
4.56500,0.00500,31990946.32853,-0.03324
4.57000,0.00500,31967837.82231,-0.03326
4.57500,0.00500,31947843.09234,-0.03327
4.58000,0.00500,31924818.29419,-0.03329
4.58500,0.00500,31904904.44332,-0.03330
4.59000,0.00500,31881962.87233,-0.03331
4.59500,0.00500,31862129.43510,-0.03333
4.60000,0.00500,31839270.61422,-0.03334
4.60500,0.00500,31819517.12886,-0.03335
4.61000,0.00500,31796740.58482,-0.03337
4.61500,0.00500,31777066.59329,-0.03338
4.62000,0.00500,31754371.85656,-0.03340
4.62500,0.00500,31734776.90447,-0.03341
4.63000,0.00500,31712163.50922,-0.03342
4.63500,0.00500,31692647.14579,-0.03344
4.64000,0.00500,31670114.62989,-0.03345
4.64500,0.00500,31650676.40794,-0.03346
4.65000,0.00500,31628224.31287,-0.03348
4.65500,0.00500,31608863.78875,-0.03349
4.66000,0.00500,31586491.65959,-0.03351
4.66500,0.00500,31567208.39317,-0.03352
4.67000,0.00500,31544915.75674,-0.03353
4.67500,0.00500,31525709.33480,-0.03355
4.68000,0.00500,31503495.74054,-0.03356
4.68500,0.00500,31484365.73110,-0.03357
4.69000,0.00500,31462230.73378,-0.03359
4.69500,0.00500,31443176.70790,-0.03360
4.70000,0.00500,31421119.86576,-0.03361
4.70500,0.00500,31402141.39786,-0.03363
4.71000,0.00500,31380162.27255,-0.03364
4.71500,0.00500,31361258.94043,-0.03365
4.72000,0.00500,31339357.09693,-0.03367
4.72500,0.00500,31320528.48170,-0.03368
4.73000,0.00500,31298703.48836,-0.03369
4.73500,0.00500,31279949.17442,-0.03371
4.74000,0.00500,31258200.60286,-0.03372
4.74500,0.00500,31239520.17787,-0.03373
4.75000,0.00500,31217847.60298,-0.03375
4.75500,0.00500,31199240.65783,-0.03376
4.76000,0.00500,31177643.65773,-0.03377
4.76500,0.00500,31159109.78650,-0.03378
4.77000,0.00500,31137587.94250,-0.03380
4.77500,0.00500,31119126.74243,-0.03381
4.78000,0.00500,31097679.63902,-0.03383
4.78500,0.00500,31079290.71049,-0.03384
4.79000,0.00500,31057917.93526,-0.03385
4.79500,0.00500,31039600.88176,-0.03386
4.80000,0.00500,31018302.02543,-0.03388
4.80500,0.00500,31000002.63943,-0.03389
4.81000,0.00500,30978832.72982,-0.03390
4.81500,0.00500,30960602.23907,-0.03392
4.82000,0.00500,30939506.10240,-0.03393
4.82500,0.00500,30921345.67189,-0.03394
4.83000,0.00500,30900322.88896,-0.03396
4.83500,0.00500,30882232.13389,-0.03397
4.84000,0.00500,30861282.30836,-0.03398
4.84500,0.00500,30843260.84642,-0.03399
4.85000,0.00500,30822383.58493,-0.03401
4.85500,0.00500,30804431.03668,-0.03402
4.86000,0.00500,30783625.94882,-0.03403
4.86500,0.00500,30765741.93772,-0.03404
4.87000,0.00500,30745008.63600,-0.03406
4.87500,0.00500,30727192.78831,-0.03407
4.88000,0.00500,30706530.88813,-0.03408
4.88500,0.00500,30688782.83297,-0.03409
4.89000,0.00500,30668191.95259,-0.03411
4.89500,0.00500,30650511.32183,-0.03412
4.90000,0.00500,30629991.08236,-0.03413
4.90500,0.00500,30612377.51064,-0.03415
4.91000,0.00500,30591927.53599,-0.03416
4.91500,0.00500,30574380.66069,-0.03417
4.92000,0.00500,30554000.57755,-0.03418
4.92500,0.00500,30536520.03875,-0.03420
4.93000,0.00500,30516209.47655,-0.03421
4.93500,0.00500,30498794.91703,-0.03422
4.94000,0.00500,30478553.50794,-0.03423
4.94500,0.00500,30461204.57310,-0.03425
4.95000,0.00500,30441031.95201,-0.03426
4.95500,0.00500,30423748.28991,-0.03427
4.96000,0.00500,30403644.09436,-0.03428
4.96500,0.00500,30386425.35564,-0.03429
4.97000,0.00500,30366389.22582,-0.03431
4.97500,0.00500,30349235.06372,-0.03432
4.98000,0.00500,30329266.64248,-0.03433
4.98500,0.00500,30312176.71278,-0.03434
4.99000,0.00500,30292275.64553,-0.03436
4.99500,0.00500,30275249.60656,-0.03437
5.00000,0.00500,30255415.54129,-0.03438
